ID,ALT_ID,AUTHOR,TITLE,NOTE,SUPP_MATERIAL,SUPP_PARENT,PUB_PLACE,PUBLISHER,PUB_DATE
Abercrombie1838wa66W.,0001.,"Abercrombie, John.",Inquiries concerning the intellectual powers and the investigation of truth.,Location: Cambridge. Identifier: Abercrombie1838wa66W. Public number: 0001.,Abercrombie1838wa66W_MS,,London :,"John Murray,",1838.
Abercrombie1838wa66W_MS.,,"Darwin, Charles.",Inquiries concerning the intellectual powers and the investigation of truth. :,Identifier: Abercrombie1838wa66W_MS.,,Abercrombie1838wa66W,,,
Agassiz1850up52I.,0017.,"Agassiz, Louis.","Lake Superior: its character, vegetation, and animals, compared with those of other similar regions.",Inscription. Location: Cambridge. Identifier: Agassiz1850up52I. Public number: 0017.,Agassiz1850up52I_MS,,Boston :,"Gould, Kendall & Lincoln,",1850.
Agassiz1850up52I_MS.,,"Darwin, Charles.","Lake Superior: its character, vegetation, and animals, compared with those of other similar regions. :",Identifier: Agassiz1850up52I_MS.,,Agassiz1850up52I,,,
Agassiz2006ft69Y.,0015.,"Agassiz, Louis.",Contributions to the natural history of the United States of North America.,Inscription. Essay on classification. Location: Cambridge. Identifier: Agassiz2006ft69Y. Public number: 0015.,Agassiz2006ft69Y_MS,,[s.n.] :,"[s.n.],",n.d..
Agassiz2006ft69Y_MS.,,"Darwin, Charles.",Contributions to the natural history of the United States of North America. :,Identifier: Agassiz2006ft69Y_MS.,,Agassiz2006ft69Y,,,
Barker-Webb1840yf41S.,0063.,"Barker-Webb, Philip.",Histoire naturelle des Îles Canaries.,Location: Cambridge. Identifier: Barker-Webb1840yf41S. Public number: 0063.,Barker-Webb1840yf41S_MS,,Paris :,"Béthune,",1840.
Barker-Webb1840yf41S_MS.,,"Darwin, Charles.",Histoire naturelle des Îles Canaries. :,Identifier: Barker-Webb1840yf41S_MS.,,Barker-Webb1840yf41S,,,
Bechstein1840ob74D.,0083.,"Bechstein, Johann Matthäus.",Naturgeschichte der Stubenvögel.,Signature. Location: Cambridge. Identifier: Bechstein1840ob74D. Public number: 0083.,Bechstein1840ob74D_MS,,Halle :,"Hennemann,",1840.
Bechstein1840ob74D_MS.,,"Darwin, Charles.",Naturgeschichte der Stubenvögel. :,Identifier: Bechstein1840ob74D_MS.,,Bechstein1840ob74D,,,
Bell1844nu34M.,0085.,"Bell, Charles.",The anatomy and philosophy of expression.,Signature E. Darwin 1844 to Ch. Darwin Nov. 28 1866. Location: Cambridge. Identifier: Bell1844nu34M. Public number: 0085.,Bell1844nu34M_MS,,London :,"John Murray,",1844.
Bell1844nu34M_MS.,,"Darwin, Charles.",The anatomy and philosophy of expression. :,Identifier: Bell1844nu34M_MS.,,Bell1844nu34M,,,
Bernhardi1834ez86I.,0098.,"Bernhardi, Johann Jacob.",über den Begriff der Pflanzenart und seine Anwendung.,Location: Cambridge. Identifier: Bernhardi1834ez86I. Public number: 0098.,Bernhardi1834ez86I_MS,,Erfurt :,"Friedrich Wilhelm Otto,",1834.
Bernhardi1834ez86I_MS.,,"Darwin, Charles.",über den Begriff der Pflanzenart und seine Anwendung. :,Identifier: Bernhardi1834ez86I_MS.,,Bernhardi1834ez86I,,,
Boitard1824jp50S.,0118.,"Boitard, Pierre.","Les Pigeons de volière et de colombier, ou Histoire naturelle des pigeons domestiques.",Pre-Beagle. Location: Cambridge. Identifier: Boitard1824jp50S. Public number: 0118.,Boitard1824jp50S_MS,,Paris :,"Audot & Corbié,",1824.
Boitard1824jp50S_MS.,,"Darwin, Charles.","Les Pigeons de volière et de colombier, ou Histoire naturelle des pigeons domestiques. :",Identifier: Boitard1824jp50S_MS.,,Boitard1824jp50S,,,
Buch2006yn26U.,0175.,"Buch, Leopold von.","Description physique des Îles Canaries, suivie d'une indication des principaux volcans du globe.",Location: Cambridge. Identifier: Buch2006yn26U. Public number: 0175.,Buch2006yn26U_MS,,Paris :,"F.G. Levrault,",1836.
Buch2006yn26U_MS.,,"Darwin, Charles.","Description physique des Îles Canaries, suivie d'une indication des principaux volcans du globe. :",Identifier: Buch2006yn26U_MS.,,Buch2006yn26U,,,
Burgess1839mj46I.,0193.,"Burgess, Thomas Henry.",The physiology or mechanism of blushing.,Location: Cambridge. Identifier: Burgess1839mj46I. Public number: 0193.,Burgess1839mj46I_MS,,London :,"John Churchill,",1839.
Burgess1839mj46I_MS.,,"Darwin, Charles.",The physiology or mechanism of blushing. :,Identifier: Burgess1839mj46I_MS.,,Burgess1839mj46I,,,
Butler1818wo01P.,0202.,"Butler, Samuel A.",A sketch of modern and ancient geography for the use of schools.,Pre-Beagle. Signature. Location: Cambridge. Identifier: Butler1818wo01P. Public number: 0202.,,,London :,"Longman, Hurst, Rees, Orme & Brown,",1818.
Butler1818wo01P_MS.,,"Darwin, Charles.",A sketch of modern and ancient geography for the use of schools. :,Identifier: Butler1818wo01P_MS.,,Butler1818wo01P,,,
Carpenter1854nl22A.,0221.,"Carpenter, William Benjamin.",Principles of comparative physiology.,Location: Cambridge. Identifier: Carpenter1854nl22A. Public number: 0221.,Carpenter1854nl22A_MS,,London :,"John Churchill,",1854.
Carpenter1854nl22A_MS.,,"Darwin, Charles.",Principles of comparative physiology. :,Identifier: Carpenter1854nl22A_MS.,,Carpenter1854nl22A,,,
Carriere1865nv52H.,0224.,"Carrière, Élie Abel.",Production et fixation des variétés dans les végétaux.,Inscription. Location: Cambridge. Identifier: Carriere1865nv52H. Public number: 0224.,Carriere1865nv52H_MS,,Paris :,"Libraire agricole de la Maison Rustiane,",1865.
Carriere1865nv52H_MS.,,"Darwin, Charles.",Production et fixation des variétés dans les végétaux. :,Identifier: Carriere1865nv52H_MS.,,Carriere1865nv52H,,,
,,"Berkenhout, John,",Clavis Anglíca linguæ botanicæ :,,,,"London,","Becket, de Houdt, Hawes, Clark & and Collins",1764. 
Dana1853ro51Y.,0283.,"Dana, James Dwight.",On the classification and geographical distribution of Crustacea.,Inscription. Location: Cambridge. Identifier: Dana1853ro51Y. Public number: 0283.,Dana1853ro51Y_MS,,Philadelphia :,"C. Sherman,",1853.
Dana1853ro51Y_MS.,,"Darwin, Charles.",On the classification and geographical distribution of Crustacea. :,Identifier: Dana1853ro51Y_MS.,,Dana1853ro51Y,,,
Delamer1854bc45Q.,0313.,"Delamer, Eugene Sebastian (Edmund Saul Dixon).","Pigeons and rabbits in their wild, domestic and captive states.",Location: Cambridge. Identifier: Delamer1854bc45Q. Public number: 0313.,Delamer1854bc45Q_MS,,London :,"G. Routledge & Co.,",1854.
Delamer1854bc45Q_MS.,,"Darwin, Charles.","Pigeons and rabbits in their wild, domestic and captive states. :",Identifier: Delamer1854bc45Q_MS.,,Delamer1854bc45Q,,,
Desmarest1820oq04Z.,0318.,"Desmarest, Anselm Gaëtan.",Mammalogie ou description des espèces des Mammifères.,Pre-Beagle. Location: Cambridge. Identifier: Desmarest1820oq04Z. Public number: 0318.,Desmarest1820oq04Z_MS,,Paris :,"Veuve Agasse,",1820.
Desmarest1820oq04Z_MS.,,"Darwin, Charles.",Mammalogie ou description des espèces des Mammifères. :,Identifier: Desmarest1820oq04Z_MS.,,Desmarest1820oq04Z,,,
Dixon1848ix59U.,0331.,"Dixon, Edmund Saul.",Ornamental and domestic poultry: their history and management.,Inscription. Location: Cambridge. Identifier: Dixon1848ix59U. Public number: 0331.,Dixon1848ix59U_MS,,London :,"The Gardeners' Chronicle,",1848.
Dixon1848ix59U_MS.,,"Darwin, Charles.",Ornamental and domestic poultry: their history and management. :,Identifier: Dixon1848ix59U_MS.,,Dixon1848ix59U,,,
Dixon1851fy19H.,0330.,"Dixon, Edmund Saul.",The dovecote and the aviary.,Location: Cambridge. Identifier: Dixon1851fy19H. Public number: 0330.,Dixon1851fy19H_MS,,London :,"John Murray,",1851.
Dixon1851fy19H_MS.,,"Darwin, Charles.",The dovecote and the aviary. :,Identifier: Dixon1851fy19H_MS.,,Dixon1851fy19H,,,
Downing1845bh99M.,0345.,"Downing, Andrew Jackson.",The fruits and fruit trees of America.,Location: Cambridge. Identifier: Downing1845bh99M. Public number: 0345.,Downing1845bh99M_MS,,London :,"Wiley & Putnam,",1845.
Downing1845bh99M_MS.,,"Darwin, Charles.",The fruits and fruit trees of America. :,Identifier: Downing1845bh99M_MS.,,Downing1845bh99M,,,
Duchenne1862oj91W.,0353.,"Duchenne, Guillaume Benjamin.","Mécanisme de la physionomie humaine, ou analyse électro-physiologique de l'expression des passions.",Plates at Down. Signature. Location: Cambridge. Identifier: Duchenne1862oj91W. Public number: 0353.,Duchenne1862oj91W_MS,,Paris :,"Jules Renouard,",1862.
Duchenne1862oj91W_MS.,,"Darwin, Charles.","Mécanisme de la physionomie humaine, ou analyse électro-physiologique de l'expression des passions. :",Identifier: Duchenne1862oj91W_MS.,,Duchenne1862oj91W,,,
Eaton1852vs83U.,0371.,"Eaton, John Matthews.","A treatise on the art of breeding and managing tame, domesticated and fancy pigeons.",Location: Cambridge. Identifier: Eaton1852vs83U. Public number: 0371.,Eaton1852vs83U_MS,,London :,"the Author,",1852.
Eaton1852vs83U_MS.,,"Darwin, Charles.","A treatise on the art of breeding and managing tame, domesticated and fancy pigeons. :",Identifier: Eaton1852vs83U_MS.,,Eaton1852vs83U,,,
,,"Cleland, John,","Evolution, expression, and sensation, cell life and pathology /",Publisher's advertisements: 16 p. at end.,,,"Glasgow,","James Maclehose,",1881
Ferguson1854io54N.,0405.,"Ferguson, George.",Illustrated series of rare and prize poultry including comprehensive essays upon all classes of domestic fowl.,Location: Cambridge. Identifier: Ferguson1854io54N. Public number: 0405.,Ferguson1854io54N_MS,,[s.n.] :,"G. Ferguson, Beaufort Library,",1854.
Ferguson1854io54N_MS.,,"Darwin, Charles.",Illustrated series of rare and prize poultry including comprehensive essays upon all classes of domestic fowl. :,Identifier: Ferguson1854io54N_MS.,,Ferguson1854io54N,,,
Frank1870qc38Z.,0436.,"Frank, Albert Bernhard.",Die natürliche wagerechte Richtung von Pflanzentheilen.,Location: Cambridge. Identifier: Frank1870qc38Z. Public number: 0436.,Frank1870qc38Z_MS,,Leipzig :,"Hermann Weissbach,",1870.
Frank1870qc38Z_MS.,,"Darwin, Charles.",Die natürliche wagerechte Richtung von Pflanzentheilen. :,Identifier: Frank1870qc38Z_MS.,,Frank1870qc38Z,,,
Gallesio1811aq34K.,0441.,"Gallesio, Georges.",Traité du citrus.,Pre-Beagle but read later. Signature C Darwin Feb 1842. Location: Cambridge. Identifier: Gallesio1811aq34K. Public number: 0441.,Gallesio1811aq34K_MS,,Paris :,"Louis Fantin,",1811.
Gallesio1811aq34K_MS.,,"Darwin, Charles.",Traité du citrus. :,Identifier: Gallesio1811aq34K_MS.,,Gallesio1811aq34K,,,
Gartner1844ri98V.,0447.,"Gärtner, Carl Friedrich.",Beiträge zur Kenntniss der Befruchtung der vollkommeneren Gewächse.,Location: Cambridge. Identifier: Gartner1844ri98V. Public number: 0447.,Gartner1844ri98V_MS,,Stuttgart :,"E. Schweizerbart,",1844.
Gartner1844ri98V_MS.,,"Darwin, Charles.",Beiträge zur Kenntniss der Befruchtung der vollkommeneren Gewächse. :,Identifier: Gartner1844ri98V_MS.,,Gartner1844ri98V,,,
Gartner1849ne02U.,0448.,"Gärtner, C.F.",Versuche und Beobachtungen über die Bastarderzeugung im Pflanzenreich.,Location: Cambridge. Identifier: Gartner1849ne02U. Public number: 0448.,Gartner1849ne02U_MS,,Stuttgart :,"[s.n.],",1849.
Gartner1849ne02U_MS.,,"Darwin, Charles.",Versuche und Beobachtungen über die Bastarderzeugung im Pflanzenreich. :,Identifier: Gartner1849ne02U_MS.,,Gartner1849ne02U,,,
Geoffroy-Saint-Hilaire1832xs96J.,0465.,"Geoffroy Saint Hilaire, Isidore.",Histoire générale et particulière des anomalies de l'organisation chez l'homme et les animaux.,Location: Cambridge. Identifier: Geoffroy-Saint-Hilaire1832xs96J. Public number: 0465.,Geoffroy-Saint-Hilaire1832xs96J_MS,,Paris :,"J.B. Baillière,",1832-1837.
Geoffroy-Saint-Hilaire1832xs96J_MS.,,"Darwin, Charles.",Histoire générale et particulière des anomalies de l'organisation chez l'homme et les animaux. :,Identifier: Geoffroy-Saint-Hilaire1832xs96J_MS.,,Geoffroy-Saint-Hilaire1832xs96J,,,
Geoffroy-Saint-Hilaire1832xs96J.,0465.,"Geoffroy Saint Hilaire, Isidore.",Histoire générale et particulière des anomalies de l'organisation chez l'homme et les animaux.,Location: Cambridge. Identifier: Geoffroy-Saint-Hilaire1832xs96J. Public number: 0465.,Geoffroy-Saint-Hilaire1832xs96J_MS,,Paris :,"J.B. Baillière,",1832-1837.
Geoffroy-Saint-Hilaire1832xs96J_MS.,,"Darwin, Charles.",Histoire générale et particulière des anomalies de l'organisation chez l'homme et les animaux. :,Identifier: Geoffroy-Saint-Hilaire1832xs96J_MS.,,Geoffroy-Saint-Hilaire1832xs96J,,,
Geoffroy-Saint-Hilaire1832xs96J.,0465.,"Geoffroy Saint Hilaire, Isidore.",Histoire générale et particulière des anomalies de l'organisation chez l'homme et les animaux.,Location: Cambridge. Identifier: Geoffroy-Saint-Hilaire1832xs96J. Public number: 0465.,Geoffroy-Saint-Hilaire1832xs96J_MS,,Paris :,"J.B. Baillière,",1832-1837.
Geoffroy-Saint-Hilaire1832xs96J_MS.,,"Darwin, Charles.",Histoire générale et particulière des anomalies de l'organisation chez l'homme et les animaux. :,Identifier: Geoffroy-Saint-Hilaire1832xs96J_MS.,,Geoffroy-Saint-Hilaire1832xs96J,,,
Geoffroy-Saint-Hilaire1832xs96J.,0465.,"Geoffroy Saint Hilaire, Isidore.",Histoire générale et particulière des anomalies de l'organisation chez l'homme et les animaux.,Location: Cambridge. Identifier: Geoffroy-Saint-Hilaire1832xs96J. Public number: 0465.,Geoffroy-Saint-Hilaire1832xs96J_MS,,Paris :,"J.B. Baillière,",1832-1837.
Geoffroy-Saint-Hilaire1841ie89H.,0464.,"Geoffroy Saint Hilaire, Isidore.",Essais de zoologie générale.,Signature. Location: Cambridge. Identifier: Geoffroy-Saint-Hilaire1841ie89H. Public number: 0464.,Geoffroy-Saint-Hilaire1841ie89H_MS,,Paris :,"Roret,",1841.
Geoffroy-Saint-Hilaire1841ie89H_MS.,,"Darwin, Charles.",Essais de zoologie générale. :,Identifier: Geoffroy-Saint-Hilaire1841ie89H_MS.,,Geoffroy-Saint-Hilaire1841ie89H,,,
Geoffroy-Saint-Hilaire1841ie89H.,0464.,"Geoffroy Saint Hilaire, Isidore.",Essais de zoologie générale.,Signature. Location: Cambridge. Identifier: Geoffroy-Saint-Hilaire1841ie89H. Public number: 0464.,Geoffroy-Saint-Hilaire1841ie89H_MS,,Paris :,"Roret,",1841.
Geoffroy-Saint-Hilaire1854if15J.,0466.,"Geoffroy Saint Hilaire, Isidore.",Histoire naturelle générale des règnes organiques.,Location: Cambridge. Identifier: Geoffroy-Saint-Hilaire1854if15J. Public number: 0466.,Geoffroy-Saint-Hilaire1854if15J_MS,,Paris :,"Victor Masson,",1854-1862.
Geoffroy-Saint-Hilaire1854if15J_MS.,,"Darwin, Charles.",Histoire naturelle générale des règnes organiques. :,Identifier: Geoffroy-Saint-Hilaire1854if15J_MS.,,Geoffroy-Saint-Hilaire1854if15J,,,
Geoffroy-Saint-Hilaire1854if15J.,0466.,"Geoffroy Saint Hilaire, Isidore.",Histoire naturelle générale des règnes organiques.,Location: Cambridge. Identifier: Geoffroy-Saint-Hilaire1854if15J. Public number: 0466.,Geoffroy-Saint-Hilaire1854if15J_MS,,Paris :,"Victor Masson,",1854-1862.
Geoffroy-Saint-Hilaire1854if15J_MS.,,"Darwin, Charles.",Histoire naturelle générale des règnes organiques. :,Identifier: Geoffroy-Saint-Hilaire1854if15J_MS.,,Geoffroy-Saint-Hilaire1854if15J,,,
Geoffroy-Saint-Hilaire1854if15J.,0466.,"Geoffroy Saint Hilaire, Isidore.",Histoire naturelle générale des règnes organiques.,Location: Cambridge. Identifier: Geoffroy-Saint-Hilaire1854if15J. Public number: 0466.,Geoffroy-Saint-Hilaire1854if15J_MS,,Paris :,"Victor Masson,",1854-1862.
Geoffroy-Saint-Hilaire1854if15J_MS.,,"Darwin, Charles.",Histoire naturelle générale des règnes organiques. :,Identifier: Geoffroy-Saint-Hilaire1854if15J_MS.,,Geoffroy-Saint-Hilaire1854if15J,,,
Gerland1868he63C.,0469.,"Gerland, Georg.",Über das Aussterben der Naturvölker.,Signature. Location: Cambridge. Identifier: Gerland1868he63C. Public number: 0469.,Gerland1868he63C_MS,,Leipzig :,"Friedrich Fleischer,",1868.
Gerland1868he63C_MS.,,"Darwin, Charles.",Über das Aussterben der Naturvölker. :,Identifier: Gerland1868he63C_MS.,,Gerland1868he63C,,,
Girton2006xx62T.,0472.,"Girton, Daniel.","The new and complete pigeon-fancier: or, modern treatise on domestic pigeons.",Location: Cambridge. Identifier: Girton2006xx62T. Public number: 0472.,Girton2006xx62T_MS,,London :,"[s.n.],",n.d..
Gloger1833nh20H.,0474.,"Gloger, Constantin Lambert.",Das Abändern der Vögel durch Einfluss des Klima's.,On Beagle. Location: Cambridge. Identifier: Gloger1833nh20H. Public number: 0474.,Gloger1833nh20H_MS,,Breslau :,"August Schulz & Co.,",1833.
Gloger1833nh20H_MS.,,"Darwin, Charles.",Das Abändern der Vögel durch Einfluss des Klima's. :,Identifier: Gloger1833nh20H_MS.,,Gloger1833nh20H,,,
Godron1859xy77H.,0476.,"Godron, Dominique Alexandre.",De l'espèce et des races dans les êtres organisés et spécialement de l'unité de l'espèce humaine.,Location: Cambridge. Identifier: Godron1859xy77H. Public number: 0476.,Godron1859xy77H_MS,,Paris :,"J.B. Baillière et Fils,",1859.
Godron1859xy77H_MS.,,"Darwin, Charles.",De l'espèce et des races dans les êtres organisés et spécialement de l'unité de l'espèce humaine. :,Identifier: Godron1859xy77H_MS.,,Godron1859xy77H,,,
Godron1859xy77H.,0476.,"Godron, Dominique Alexandre.",De l'espèce et des races dans les êtres organisés et spécialement de l'unité de l'espèce humaine.,Location: Cambridge. Identifier: Godron1859xy77H. Public number: 0476.,Godron1859xy77H_MS,,Paris :,"J.B. Baillière et Fils,",1859.
Godron1859xy77H_MS.,,"Darwin, Charles.",De l'espèce et des races dans les êtres organisés et spécialement de l'unité de l'espèce humaine. :,Identifier: Godron1859xy77H_MS.,,Godron1859xy77H,,,
Gould1861zm48D.,0488.,"Gould, John.","An introduction to the Trochilidae, or family of humming-birds.",Inscription. Location: Cambridge. Identifier: Gould1861zm48D. Public number: 0488.,Gould1861zm48D_MS,,London :,"Taylor & Francis,",1861.
Gould1861zm48D_MS.,,"Darwin, Charles.","An introduction to the Trochilidae, or family of humming-birds. :",Identifier: Gould1861zm48D_MS.,,Gould1861zm48D,,,
Gould1865vh06C.,0485.,"Gould, John.",Handbook to the birds of Australia.,Location: Cambridge. Identifier: Gould1865vh06C. Public number: 0485.,Gould1865vh06C_MS,,London :,"by the author,",1865.
Gould1865vh06C_MS.,,"Darwin, Charles.",Handbook to the birds of Australia. :,Identifier: Gould1865vh06C_MS.,,Gould1865vh06C,,,
Gould1865vh06C.,0485.,"Gould, John.",Handbook to the birds of Australia.,Location: Cambridge. Identifier: Gould1865vh06C. Public number: 0485.,Gould1865vh06C_MS,,London :,"by the author,",1865.
Gould1865vh06C_MS.,,"Darwin, Charles.",Handbook to the birds of Australia. :,Identifier: Gould1865vh06C_MS.,,Gould1865vh06C,,,
Gratiolet1865yu53K.,0493.,"Gratiolet, Pierre.",De la physionomie et des mouvements d'expression.,Signature. Location: Cambridge. Identifier: Gratiolet1865yu53K. Public number: 0493.,Gratiolet1865yu53K_MS,,Paris :,"J. Hetzel,",1865.
Gratiolet1865yu53K_MS.,,"Darwin, Charles.",De la physionomie et des mouvements d'expression. :,Identifier: Gratiolet1865yu53K_MS.,,Gratiolet1865yu53K,,,
Gray1856zd45X.,0498.,"Gray, Asa.",Manual of the botany of the northern United States.,Location: Cambridge. Identifier: Gray1856zd45X. Public number: 0498.,Gray1856zd45X_MS,,New York :,"[s.n.],",1856.
Gray1856zd45X_MS.,,"Darwin, Charles.",Manual of the botany of the northern United States. :,Identifier: Gray1856zd45X_MS.,,Gray1856zd45X,,,
Gray1872sl90E.,0495.,"Gray, Asa.","Botany for young people: Part 2, How plants behave.",Inscription. Location: Cambridge. Identifier: Gray1872sl90E. Public number: 0495.,Gray1872sl90E_MS,,New York & Chicago :,"Ivison, Blakeman, Taylor & Co.,",1872.
Gray1872sl90E_MS.,,"Darwin, Charles.","Botany for young people: Part 2, How plants behave. :",Identifier: Gray1872sl90E_MS.,,Gray1872sl90E,,,
Haberlandt1877uo95E.,0518.,"Haberlandt, Gottlieb.",Die Schutzeinrichtungen in der Entwickelung der Keimpflanze.,Location: Cambridge. Identifier: Haberlandt1877uo95E. Public number: 0518.,Haberlandt1877uo95E_MS,,Wien :,"Carl Gerold's Sohn,",1877.
Haberlandt1877uo95E_MS.,,"Darwin, Charles.",Die Schutzeinrichtungen in der Entwickelung der Keimpflanze. :,Identifier: Haberlandt1877uo95E_MS.,,Haberlandt1877uo95E,,,
,,"Murphy, Joseph John",Habit and intelligence in their connexion with the laws of matter and force :,Published in two volumes.,,,London :,"Macmillan,",1869
,,"Murphy, Joseph John",Habit and intelligence in their connexion with the laws of matter and force :,Published in two volumes.,,,London :,"Macmillan,",1869
,,"Henle, Jacob,",Handbuch der systematischen Anatomie des Menschen.,,,,"Braunschweig,",,1855-71.
Henslow1837xc79C.,0581.,"Henslow, John Stevens.",Descriptive and physiological botany.,Location: Cambridge. Identifier: Henslow1837xc79C. Public number: 0581.,Henslow1837xc79C_MS,,London :,"Longman, Orme, Brown, Green & Longman,",1837.
Henslow1837xc79C_MS.,,"Darwin, Charles.",Descriptive and physiological botany. :,Identifier: Henslow1837xc79C_MS.,,Henslow1837xc79C,,,
Hermann1860il91T.,0584.,"Hermann, H.C.",The Italian alp-bee.,Location: Cambridge. Identifier: Hermann1860il91T. Public number: 0584.,Hermann1860il91T_MS,,[s.n.] :,"G. Neighbour & Sons,",1860.
Hildebrand1867dw89Q.,0598.,"Hildebrand, Friedrich.",Die Geschlechter-Vertheilung bei den Pflanzen.,Bound with item 0599. Signature. Location: Cambridge. Identifier: Hildebrand1867dw89Q. Public number: 0598.,,,Leipzig :,"Wilhelm Engelmann,",1867.
Hildebrand1873vh50Z.,0599.,"Hildebrand, Friedrich.",Die Verbreitungsmittel der Pflanzen.,Bound with item 0598. Inscription. Location: Cambridge. Identifier: Hildebrand1873vh50Z. Public number: 0599.,Hildebrand1873vh50Z_MS,,Leipzig :,"Wilhelm Engelmann,",1873.
Hildebrand1873vh50Z_MS.,,"Darwin, Charles.",Die Verbreitungsmittel der Pflanzen. :,Identifier: Hildebrand1873vh50Z_MS.,,Hildebrand1873vh50Z,,,
Hinds1843bk72Y.,0601.,"Hinds, Richard Brinsley.","The regions of vegetation, being an analysis of the distribution of vegetable forms over the surface of the globe in connection with climate and physical agents.",Inscription. Location: Cambridge. Identifier: Hinds1843bk72Y. Public number: 0601.,Hinds1843bk72Y_MS,,London :,"G.J. Palmer,",1843.
Hinds1843bk72Y_MS.,,"Darwin, Charles.","The regions of vegetation, being an analysis of the distribution of vegetable forms over the surface of the globe in connection with climate and physical agents. :",Identifier: Hinds1843bk72Y_MS.,,Hinds1843bk72Y,,,
,,"Vaucher, Jean Pierre Etienne.","Histoire physiologique des Plantes d'Europe, ou exposition des phénomènes qu'elles presentent dans les diverses periodes de leur développement. ",,,,"Paris,",Aurel Freres;,1841. 
,,"Vaucher, Jean Pierre Etienne.","Histoire physiologique des Plantes d'Europe, ou exposition des phénomènes qu'elles presentent dans les diverses periodes de leur développement. ",,,,"Paris,",Aurel Freres;,1841. 
,,"Vaucher, Jean Pierre Etienne.","Histoire physiologique des Plantes d'Europe, ou exposition des phénomènes qu'elles presentent dans les diverses periodes de leur développement. ",,,,"Paris,",Aurel Freres;,1841. 
,,"Vaucher, Jean Pierre Etienne.","Histoire physiologique des Plantes d'Europe, ou exposition des phénomènes qu'elles presentent dans les diverses periodes de leur développement. ",,,,"Paris,",Aurel Freres;,1841. 
Hofacker1828vf53Y.,0609.,"Hofacker, J.D.","über die Eigenschaften welche sich bei Menschen und Thieren von den Eltern auf die Nachkommen vererben, mit besonderer Rücksicht auf die Pferdezucht, mit Beiträgen von F. Notter.",On Beagle. Location: Cambridge. Identifier: Hofacker1828vf53Y. Public number: 0609.,Hofacker1828vf53Y_MS,,Tübingen :,"G.F. Dsiander,",1828.
Hofacker1828vf53Y_MS.,,"Darwin, Charles.","über die Eigenschaften welche sich bei Menschen und Thieren von den Eltern auf die Nachkommen vererben, mit besonderer Rücksicht auf die Pferdezucht, mit Beiträgen von F. Notter. :",Identifier: Hofacker1828vf53Y_MS.,,Hofacker1828vf53Y,,,
Hoffmann1875jo25R.,0610.,"Hoffmann, Hermann.",Zur Speciesfrage.,Location: Cambridge. Identifier: Hoffmann1875jo25R. Public number: 0610.,Hoffmann1875jo25R_MS,,Haarlem :,"De Erven Loosjes,",1875.
Hoffmann1875jo25R_MS.,,"Darwin, Charles.",Zur Speciesfrage. :,Identifier: Hoffmann1875jo25R_MS.,,Hoffmann1875jo25R,,,
Hooker1838ol53F.,0636.,"Hooker, William Jackson.",The British flora.,Signature C. Darwin April 1841. Location: Cambridge. Identifier: Hooker1838ol53F. Public number: 0636.,,,London :,"Longman, Brown, Green & Longmans,",1838.
Hooker1838ol53F_MS.,,"Darwin, Charles.",The British flora. :,Identifier: Hooker1838ol53F_MS.,,Hooker1838ol53F,,,
Hooker1855ph70M.,0634.,"Hooker, Joseph Dalton.",Flora Indica.,Vol. 1 only. Inscription. Location: Cambridge. Identifier: Hooker1855ph70M. Public number: 0634.,Hooker1855ph70M_MS,,London :,"W. Pamplin,",1855.
Hooker1855ph70M_MS.,,"Darwin, Charles.",Flora Indica. :,Identifier: Hooker1855ph70M_MS.,,Hooker1855ph70M,,,
Hooker1859hb66A.,0631.,"Hooker, Joseph Dalton.",On the flora of Australia.,Location: Cambridge. Identifier: Hooker1859hb66A. Public number: 0631.,Hooker1859hb66A_MS,,London :,"Lovell Reeve,",1859.
Hooker1859hb66A_MS.,,"Darwin, Charles.",On the flora of Australia. :,Identifier: Hooker1859hb66A_MS.,,Hooker1859hb66A,,,
Hooker2006yr09F.,0632.,"Hooker, Joseph Dalton.",Introductory essay to the flora of New Zealand.,Reprint. Location: Cambridge. Identifier: Hooker2006yr09F. Public number: 0632.,Hooker2006yr09F_MS,,London :,"Lovell Reeve,",n.d..
Hooker2006yr09F_MS.,,"Darwin, Charles.",Introductory essay to the flora of New Zealand. :,Identifier: Hooker2006yr09F_MS.,,Hooker2006yr09F,,,
Huber1810md07U.,0650.,"Huber, Pierre.",Recherches sur les moeurs des fourmis indigènes.,Pre-Beagle. Location: Cambridge. Identifier: Huber1810md07U. Public number: 0650.,Huber1810md07U_MS,,Paris :,"J. J. Paschoud,",1810.
Huxley1863yo75X.,0674.,"Huxley, Thomas Henry.",Evidence as to man's place in nature.,Inscription. Location: Cambridge. Identifier: Huxley1863yo75X. Public number: 0674.,Huxley1863yo75X_MS,,London :,"Williams & Norgate,",1863.
Huxley1863yo75X_MS.,,"Darwin, Charles.",Evidence as to man's place in nature. :,Identifier: Huxley1863yo75X_MS.,,Huxley1863yo75X,,,
Jaeger1874dt15M.,0694.,"Jaeger, Gustav.",In Sachen Darwin's insbesondere contra Wigand.,Location: Cambridge. Identifier: Jaeger1874dt15M. Public number: 0694.,Jaeger1874dt15M_MS,,Stuttgart :,"E. Schweizerbart,",1874.
Jaeger1874dt15M_MS.,,"Darwin, Charles.",In Sachen Darwin's insbesondere contra Wigand. :,Identifier: Jaeger1874dt15M_MS.,,Jaeger1874dt15M,,,
Jaeger2006ju99N.,0692.,"Jaeger, Gustav.",Die Darwin'sche Theorie und ihre Stellung zu Moral und Religion.,Location: Cambridge. Identifier: Jaeger2006ju99N. Public number: 0692.,Jaeger2006ju99N_MS,,Stuttgart :,"Julius Hoffmann,",n.d..
Jaeger2006ju99N_MS.,,"Darwin, Charles.",Die Darwin'sche Theorie und ihre Stellung zu Moral und Religion. :,Identifier: Jaeger2006ju99N_MS.,,Jaeger2006ju99N,,,
Jameson1821sp55X.,0700.,"Jameson, Robert.",Manual of mineralogy.,Pre-Beagle. Signature. Location: Cambridge. Identifier: Jameson1821sp55X. Public number: 0700.,Jameson1821sp55X_MS,,Edinburgh :,"Archibald Constable & Co.,",1821.
Jameson1821sp55X_MS.,,"Darwin, Charles.",Manual of mineralogy. :,Identifier: Jameson1821sp55X_MS.,,Jameson1821sp55X,,,
Jones1859aj46M.,0711.,"Jones, John Matthew.",The naturalist in Bermuda.,Location: Cambridge. Identifier: Jones1859aj46M. Public number: 0711.,Jones1859aj46M_MS,,London :,"Reeves & Turner,",1859.
Jones1859aj46M_MS.,,"Darwin, Charles.",The naturalist in Bermuda. :,Identifier: Jones1859aj46M_MS.,,Jones1859aj46M,,,
Kirby2006fz26R.,0729.,"Kirby, William.",An introduction to entomology.,"Pre-Beagle. 3rd edn, vol. 1 (1818), 2nd edn, vol. 2 (1818), 1st edn, vols. 3 & 4 (1826). Location: Cambridge. Identifier: Kirby2006fz26R. Public number: 0729.",Kirby2006fz26R_MS,,London :,"Longman, Hurst, Rees, Orme & Brown,",1818-1826.
Kirby2006fz26R_MS.,,"Darwin, Charles.",An introduction to entomology. :,Identifier: Kirby2006fz26R_MS.,,Kirby2006fz26R,,,
Kirby2006fz26R.,0729.,"Kirby, William.",An introduction to entomology.,"Pre-Beagle. 3rd edn, vol. 1 (1818), 2nd edn, vol. 2 (1818), 1st edn, vols. 3 & 4 (1826). Location: Cambridge. Identifier: Kirby2006fz26R. Public number: 0729.",Kirby2006fz26R_MS,,London :,"Longman, Hurst, Rees, Orme & Brown,",1818-1826.
Kirby2006fz26R_MS.,,"Darwin, Charles.",An introduction to entomology. :,Identifier: Kirby2006fz26R_MS.,,Kirby2006fz26R,,,
Kirby2006fz26R.,0729.,"Kirby, William.",An introduction to entomology.,"Pre-Beagle. 3rd edn, vol. 1 (1818), 2nd edn, vol. 2 (1818), 1st edn, vols. 3 & 4 (1826). Location: Cambridge. Identifier: Kirby2006fz26R. Public number: 0729.",Kirby2006fz26R_MS,,London :,"Longman, Hurst, Rees, Orme & Brown,",1818-1826.
Kirby2006fz26R_MS.,,"Darwin, Charles.",An introduction to entomology. :,Identifier: Kirby2006fz26R_MS.,,Kirby2006fz26R,,,
Kirby2006fz26R.,0729.,"Kirby, William.",An introduction to entomology.,"Pre-Beagle. 3rd edn, vol. 1 (1818), 2nd edn, vol. 2 (1818), 1st edn, vols. 3 & 4 (1826). Location: Cambridge. Identifier: Kirby2006fz26R. Public number: 0729.",Kirby2006fz26R_MS,,London :,"Longman, Hurst, Rees, Orme & Brown,",1818-1826.
Kirby2006fz26R_MS.,,"Darwin, Charles.",An introduction to entomology. :,Identifier: Kirby2006fz26R_MS.,,Kirby2006fz26R,,,
Kolreuter1761pk39N.,0736.,"Kölreuter, Johann Gottlieb.",Vorläufige Nachricht von einigen das Geschlecht der Pflanzen betreffenden Versuchen.,Pre-Beagle. Location: Cambridge. Identifier: Kolreuter1761pk39N. Public number: 0736.,Kolreuter1761pk39N_MS,,Leipzig :,"in der Gleditschischen Handlung,",1761-1766.
Kolreuter1761pk39N_MS.,,"Darwin, Charles.",Vorläufige Nachricht von einigen das Geschlecht der Pflanzen betreffenden Versuchen. :,Identifier: Kolreuter1761pk39N_MS.,,Kolreuter1761pk39N,,,
Kurr1833kv07P.,0746.,"Kurr, Johann Gottlob von.",Untersuchungen über die Bedeutung der Nektarien in den Blumen.,Location: Cambridge. Identifier: Kurr1833kv07P. Public number: 0746.,Kurr1833kv07P_MS,,Stuttgart :,"Henneschen Buchhandlung,",1833.
Kurr1833kv07P_MS.,,"Darwin, Charles.",Untersuchungen über die Bedeutung der Nektarien in den Blumen. :,Identifier: Kurr1833kv07P_MS.,,Kurr1833kv07P,,,
Lamarck2001aj56E.,0753.,"Lamarck, Jean Baptiste Pierre Antoine de Monet de.",Philosophie zoologique.,Pre-Beagle. Cover is that of 1830 ed.. Location: Cambridge. Identifier: Lamarck2001aj56E. Public number: 0753.,Lamarck2001aj56E_MS,,Paris :,"Duminil-Lesueur,",1809.
Lamarck2001aj56E_MS.,,"Darwin, Charles.",Philosophie zoologique. :,Identifier: Lamarck2001aj56E_MS.,,Lamarck2001aj56E,,,
Le-Couteur2006nw21J.,0776.,"Le Couteur, John.",On the varieties of wheat.,Inscription to C Darwin Octob 1841. Location: Cambridge. Identifier: Le-Couteur2006nw21J. Public number: 0776.,Le-Couteur2006nw21J_MS,,Jersey--London :,"H. Payn & H. Wright,",n.d..
Le-Couteur2006nw21J_MS.,,"Darwin, Charles.",On the varieties of wheat. :,Identifier: Le-Couteur2006nw21J_MS.,,Le-Couteur2006nw21J,,,
Lemoine1865gw92L.,0787.,"Lemoine, Albert.",De la physionomie et de la parole.,Signature. Location: Cambridge. Identifier: Lemoine1865gw92L. Public number: 0787.,Lemoine1865gw92L_MS,,Paris :,"Germer Baillière,",1865.
Loiseleur-Deslongchamps1842qc28A_MS.,,"Darwin, Charles.","Considérations sur les céréales, et principalement sur les froments. :",Identifier: Loiseleur-Deslongchamps1842qc28A_MS.,,Loiseleur-Deslongchamps1842qc28A,,,
Loiseleur-Deslongchamps1842qc28A.,0811.,"Loiseleur-Deslongchamps, Jean Louis Auguste.","Considérations sur les céréales, et principalement sur les froments.",Location: Cambridge. Identifier: Loiseleur-Deslongchamps1842qc28A. Public number: 0811.,Loiseleur-Deslongchamps1842qc28A_MS,,Paris :,"Bouchard-Huzard,",1842.
Low1845fw43G.,0815.,"Low, David.",On the domesticated animals of the British islands.,Location: Cambridge. Identifier: Low1845fw43G. Public number: 0815.,Low1845fw43G_MS,,London :,"Longman, Brown, Green & Longmans,",1845.
Low1845fw43G_MS.,,"Darwin, Charles.",On the domesticated animals of the British islands. :,Identifier: Low1845fw43G_MS.,,Low1845fw43G,,,
Lyell1837jf09J.,0843.,"Lyell, Charles.",Principles of geology.,Location: Cambridge. Identifier: Lyell1837jf09J. Public number: 0843.,Lyell1837jf09J_MS,,London :,"John Murray,",1837.
Lyell1837jf09J_MS.,,"Darwin, Charles.",Principles of geology. :,Identifier: Lyell1837jf09J_MS.,,Lyell1837jf09J,,,
Lyell1837jf09J.,0843.,"Lyell, Charles.",Principles of geology.,Location: Cambridge. Identifier: Lyell1837jf09J. Public number: 0843.,Lyell1837jf09J_MS,,London :,"John Murray,",1837.
Lyell1837jf09J_MS.,,"Darwin, Charles.",Principles of geology. :,Identifier: Lyell1837jf09J_MS.,,Lyell1837jf09J,,,
Lyell1837jf09J.,0843.,"Lyell, Charles.",Principles of geology.,Location: Cambridge. Identifier: Lyell1837jf09J. Public number: 0843.,Lyell1837jf09J_MS,,London :,"John Murray,",1837.
Lyell1837jf09J_MS.,,"Darwin, Charles.",Principles of geology. :,Identifier: Lyell1837jf09J_MS.,,Lyell1837jf09J,,,
Lyell1837jf09J.,0843.,"Lyell, Charles.",Principles of geology.,Location: Cambridge. Identifier: Lyell1837jf09J. Public number: 0843.,Lyell1837jf09J_MS,,London :,"John Murray,",1837.
Lyell1837jf09J_MS.,,"Darwin, Charles.",Principles of geology. :,Identifier: Lyell1837jf09J_MS.,,Lyell1837jf09J,,,
Lyell1855ya42W.,0841.,"Lyell, Charles.",A manual of elementary geology.,Signature. Location: Cambridge. Identifier: Lyell1855ya42W. Public number: 0841.,Lyell1855ya42W_MS,,[s.n.] :,"[s.n.],",1855.
Lyell1855ya42W_MS.,,"Darwin, Charles.",A manual of elementary geology. :,Identifier: Lyell1855ya42W_MS.,,Lyell1855ya42W,,,
Lyell1857wi12D.,0854.,"Lyell, Charles.",Supplement to the fifth edition of A manual of elementary geology.,Location: Cambridge. Identifier: Lyell1857wi12D. Public number: 0854.,Lyell1857wi12D_MS,,London :,"John Murray,",1857.
Lyell1857wi12D_MS.,,"Darwin, Charles.",Supplement to the fifth edition of A manual of elementary geology. :,Identifier: Lyell1857wi12D_MS.,,Lyell1857wi12D,,,
Martin-Saint-Ange1835ud45F.,0898.,"Martin-Saint-Ange, Gaspard Joseph.",Mémoire sur l'organisation des cirripèdes.,Location: Cambridge. Identifier: Martin-Saint-Ange1835ud45F. Public number: 0898.,,,Paris :,"J.B. Baillière,",1835.
,,"Reade, Winwood",The martyrdom of man /,,,,London :,"Trübner,",1872 
Mclennan1865gg67O.,0876.,"Mclennan, John Ferguson.",Primitive marriage.,Location: Cambridge. Identifier: Mclennan1865gg67O. Public number: 0876.,Mclennan1865gg67O_MS,,Edinburgh :,"Adam & Charles Black,",1865.
Mclennan1865gg67O_MS.,,"Darwin, Charles.",Primitive marriage. :,Identifier: Mclennan1865gg67O_MS.,,Mclennan1865gg67O,,,
Metzger1841td81M.,0919.,"Metzger, Johann.",Die Getreidearten und Wiesengräser.,Location: Cambridge. Identifier: Metzger1841td81M. Public number: 0919.,Metzger1841td81M_MS,,Heidelberg :,"C.F. Winter,",1841.
Metzger1841td81M_MS.,,"Darwin, Charles.",Die Getreidearten und Wiesengräser. :,Identifier: Metzger1841td81M_MS.,,Metzger1841td81M,,,
Michell1760sc82C.,0925.,"Michell, John.","Conjectures concerning the cause, and observations upon the phaenomena of earthquakes.","Pre-Beagle. Signature. Inscription 'the Author's Present', i.e. not to CD. Location: Cambridge. Identifier: Michell1760sc82C. Public number: 0925.",Michell1760sc82C_MS,,London :,"[s.n.],",1760.
Michell1760sc82C_MS.,,"Darwin, Charles.","Conjectures concerning the cause, and observations upon the phaenomena of earthquakes. :",Identifier: Michell1760sc82C_MS.,,Michell1760sc82C,,,
Milne-Edwards1851ib08L.,0932.,"Milne-Edwards, Henri.",Introduction á la zoologie générale.,Location: Cambridge. Identifier: Milne-Edwards1851ib08L. Public number: 0932.,Milne-Edwards1851ib08L_MS,,Paris :,"Victor Masson,",1851.
Milne-Edwards1851ib08L_MS.,,"Darwin, Charles.",Introduction á la zoologie générale. :,Identifier: Milne-Edwards1851ib08L_MS.,,Milne-Edwards1851ib08L,,,
Mivart1871gk14P.,0935.,"Mivart, St George Jackson.",On the genesis of species.,Inscription. Location: Cambridge. Identifier: Mivart1871gk14P. Public number: 0935.,Mivart1871gk14P_MS,,London :,"Macmillan & Co.,",1871.
Mivart1871gk14P_MS.,,"Darwin, Charles.",On the genesis of species. :,Identifier: Mivart1871gk14P_MS.,,Mivart1871gk14P,,,
Mohl1827mc85F.,0941.,"Mohl, Hugo von.",über den Bau und das Winden der Ranken und Schlingpflanzen.,Pre-Beagle. Location: Cambridge. Identifier: Mohl1827mc85F. Public number: 0941.,Mohl1827mc85F_MS,,Tübingen :,"Heinrich Laupp,",1827.
Mohl1827mc85F_MS.,,"Darwin, Charles.",über den Bau und das Winden der Ranken und Schlingpflanzen. :,Identifier: Mohl1827mc85F_MS.,,Mohl1827mc85F,,,
Mohl1852ge72I.,0940.,"Mohl, Hugo von.",Principles of the anatomy and physiology of the vegetable cell.,Signature. Location: Cambridge. Identifier: Mohl1852ge72I. Public number: 0940.,Mohl1852ge72I_MS,,London :,"John Van Voorst,",1852.
Mohl1852ge72I_MS.,,"Darwin, Charles.",Principles of the anatomy and physiology of the vegetable cell. :,Identifier: Mohl1852ge72I_MS.,,Mohl1852ge72I,,,
Moquin-Tandon1841bx90R.,0957.,"Moquin-Tandon, Alfred.",Éléments de tératologie végétale.,Location: Cambridge. Identifier: Moquin-Tandon1841bx90R. Public number: 0957.,Moquin-Tandon1841bx90R_MS,,Paris :,"P.-J. Loss,",1841.
Moquin-Tandon1841bx90R_MS.,,"Darwin, Charles.",Éléments de tératologie végétale. :,Identifier: Moquin-Tandon1841bx90R_MS.,,Moquin-Tandon1841bx90R,,,
Muller1838na12J.,0977.,"Müller, Johannes.",Elements of physiology.,Location: Cambridge. Identifier: Muller1838na12J. Public number: 0977.,Muller1838na12J_MS,,London :,"Taylor & Walton,",1838-1842.
Muller1838na12J_MS.,,"Darwin, Charles.",Elements of physiology. :,Identifier: Muller1838na12J_MS.,,Muller1838na12J,,,
Muller1838na12J.,0977.,"Müller, Johannes.",Elements of physiology.,Location: Cambridge. Identifier: Muller1838na12J. Public number: 0977.,Muller1838na12J_MS,,London :,"Taylor & Walton,",1838-1842.
Muller1838na12J_MS.,,"Darwin, Charles.",Elements of physiology. :,Identifier: Muller1838na12J_MS.,,Muller1838na12J,,,
Muller1838na12J.,0977.,"Müller, Johannes.",Elements of physiology.,Location: Cambridge. Identifier: Muller1838na12J. Public number: 0977.,Muller1838na12J_MS,,London :,"Taylor & Walton,",1838-1842.
Muller1838na12J_MS.,,"Darwin, Charles.",Elements of physiology. :,Identifier: Muller1838na12J_MS.,,Muller1838na12J,,,
Muller1873vo87F.,0975.,"Müller, Hermann.",Befruchtung der Blumen durch Insekten.,Inscription. Location: Cambridge. Identifier: Muller1873vo87F. Public number: 0975.,Muller1873vo87F_MS,,Leipzig :,"Wilhelm Engelmann,",1873.
Muller1873vo87F_MS.,,"Darwin, Charles.",Befruchtung der Blumen durch Insekten. :,Identifier: Muller1873vo87F_MS.,,Muller1873vo87F,,,
Nageli1866ly65J.,0988.,"Nägeli, Carl von.",Botanische Mittheilungen.,Location: Cambridge. Identifier: Nageli1866ly65J. Public number: 0988.,Nageli1866ly65J_MS,,München :,"F. Staub,",1866.
Nathusius1864tp80J.,0993.,"Nathusius, Hermann von.",Vorstudien für Geschichte und Zucht der Hausthiere zunaechst am Schweineschaedel.,Location: Cambridge. Identifier: Nathusius1864tp80J. Public number: 0993.,Nathusius1864tp80J_MS,,Berlin :,"Wiegandt & Hempel,",1864.
Nathusius1864tp80J_MS.,,"Darwin, Charles.",Vorstudien für Geschichte und Zucht der Hausthiere zunaechst am Schweineschaedel. :,Identifier: Nathusius1864tp80J_MS.,,Nathusius1864tp80J,,,
Nathusius1872tn22V.,0994.,"Nathusius, Hermann von.",Vorträge über Viehzucht und Rassenkenntnis.,Location: Cambridge. Identifier: Nathusius1872tn22V. Public number: 0994.,Nathusius1872tn22V_MS,,Berlin :,"Wiegandt & Hempel,",1872-1880.
Nathusius1872tn22V_MS.,,"Darwin, Charles.",Vorträge über Viehzucht und Rassenkenntnis. :,Identifier: Nathusius1872tn22V_MS.,,Nathusius1872tn22V,,,
Naudin1862ra20Z.,1000.,"Naudin, Charles.",Nouvelles recherches sur l'hybridité dans les végétaux.,Inscription. Location: Cambridge. Identifier: Naudin1862ra20Z. Public number: 1000.,Naudin1862ra20Z_MS,,Paris :,"[s.n.],",1862.
Naudin1862ra20Z_MS.,,"Darwin, Charles.",Nouvelles recherches sur l'hybridité dans les végétaux. :,Identifier: Naudin1862ra20Z_MS.,,Naudin1862ra20Z,,,
Neumeister1837mr35G.,1004.,"Neumeister, Gottlob.",Das Ganze der Taubenzucht.,Location: Cambridge. Identifier: Neumeister1837mr35G. Public number: 1004.,Neumeister1837mr35G_MS,,Weimar :,"B.F. Voigt,",1837.
Neumeister1837mr35G_MS.,,"Darwin, Charles.",Das Ganze der Taubenzucht. :,Identifier: Neumeister1837mr35G_MS.,,Neumeister1837mr35G,,,
,,"Puvis, Marc Antoine,","De la dégénération et de l'extinction des variétés de végétaux propagés par les greffes, boutures, tubercules, etc., et de la création des variétés nouvelles par les croisemens et les semis /",,,,Paris :,Huzard ;,1837 
,,"Pernety, Antoine Joseph,","Journal historique d'un voyage fait aux I^les Malouines en 1763 & 1764, pour les reconnoitre, & y former un etablissement; et de deux voyages au Detroit de Magellan, avec une relation sur les Patagons /",,,,Berlin :,"Etienne de Bourdeaux,",1769 
,,"Pernety, Antoine Joseph,","Journal historique d'un voyage fait aux I^les Malouines en 1763 & 1764, pour les reconnoi^tre, & y former un etablissement; et de deux voyages au Detroit de Magellan, avec une relation sur les Patagons /",,,,Berlin :,"Etienne de Bourdeaux,",1769 
,,"Playfair, John,",Illustrations of the Huttonian theory of the earth /,,,,London :,Cadell and Davies ;,1802
,,"Quatrefages de Breau, Jean Louis Armand de,",Physiologie comparee :,,,,Paris ;,"J.B. Baillie`re et Fils,",1862 
,,"Gaudry, Albert,",Animaux fossiles du Mont Leberon (Vaucluse) :,Large paper copy. ,,,Paris :,"Societe Geologique de France,",1873 
,,"Irmisch, Johann Friedrich Thilo,",Beitrage zur Biologie und Morphologie der Orchideen /,,,,Leipzig :,"Ambrosius Abel,",1853 
,,"Walther, Alexander",Die Laubmoose Oberfrankens :,,,,Leipzig :,"Wilhelm Engelmann,",1868 
,,"Weismann, August,",Uber den Einfluss der Isolirung auf die Artbildung /,,,,Leipzig :,"Verlag von Wilhelm Engelmann,",1872 
,,"Dodel-Port, Arnold.","Die Neuere Schopfungsgeschichte nach dem gegenwartigen Stande der Naturwissenschaften, &c. ",,,,"Leipzig,",,1875. 
,,"Herschel, John Frederick William,",A manual of scientific enquiry :,Printed by William Clowes and Sons.,,,London :,"John Murray,",1849.
,,"Pompper, Hermann","Die Säugethiere, Vögel und Amphibien nach ihrer geographischen Verbreitung tabellarisch zusammengestellt /","Printed on one side of the paper only, except p. 13-14, 15-16, 23-24, 25-26, 28-29. ",,,Leipzig :,"Verlag der J.G. Hinrichsichen Buchhandlung,",1841 
,,"Greene, Joseph Reay",Manual of the sub-kingdom Cœlenterata ,,,,London :,"Longman, Green, Longman and Roberts,",1861 
,,"Bastian, Henry Charlton,",The beginnings of life :,,,,London :,"Macmillan,",1872
,,"Bastian, Henry Charlton,",The beginnings of life :,,,,London :,"Macmillan,",1872
,,"Buller, Walter Lawry,",A history of the birds of New Zealand /,,,,London :,"John van Voorst,",1873
,,"Chapman, Henry Cadwalader,",Evolution of life.,,,,"Philadelphia,",,1873.
,,"Darwin, Charles,","Charles Darwin, uber die Entstehung der Arten im Thier- und Pflanzen-Reich durch naturliche Zuchtung, oder Erhaltung der vervollkommneten Rassen im Kampfe um's Daseyn. Nach der zweiten Auflage mit einer geschichtlichen Vorrede und andern Zusatzen des Verfassers fur diese deutsche Ausgabe aus dem Englischen ubersetzt und mit Anmerkungen versehen /",,,,Stuttgart :,"E. Schweizerbart'sche Verlagshandlung und Druckerei,",1860. 
,,"Darwin, Erasmus,",Phytologia;,Plates I-IX each preceded by 2 pages of descriptive letter-press not included in paging.,,,"London,","J. Johnson,",1800.
,,"Bronn, Heinrich Georg,",Untersuchungen uber die Entwickelungs-Gesetze der organischen Welt wahrend der Bildungs-Zeit unserer Erd-Oberflache :,"The French original appeared in the Comptes Rendus Acad. Sci. Paris, Suppt., Tom. II (1861), p. 377-918, under the title ""Essai d'une reponse a` la question ... Etudier les lois de la distribution des corps organises fossiles,"" &c (held in Pal. Lib. at 15 q BRO).  Includes folded pages: 17-18, 19-20, 21-22, 23-24. ",,,Stuttgart :,"E. Schweizerbart'sche Verlagshandlung,",1858 
,,,Catalogue of British Hymenoptera in the collection of the British Museum.,"A second title-page has been prefixed, which reads: Monograph of the bees of Great Britain",,,"London,",,1855.
,,"Hooker, William Jackson,",The British flora :,,,,"London,",,1855.
,,"Bronn, Heinrich Georg,","Essai d'une reponse a la question de prix proposee en 1850 par l'Academie des sciences pour le concours de 1853, et puis remise pour celui de 1856, savoir :",,,,Paris :,"Mallet-Bachelier,",1861. 
,,"Frank, Albert Bernhard,",Beiträge zur Pflanzenphysiologie /,,,,"Leipzig,",,1868 
,,"Kerner von Marilaun, Anton,",Die Cultur der Alpenpflanzen /,,,,Innsbruck :,"Wagner,",1864 
,,"La Cépède,",Histoire naturelle des cétacées. Tom. 1,,,,Paris :,"Didot,",1809 
,,"La Cépède,",Histoire naturelle des cétacées. Tom. 1,,,,Paris :,"Didot,",1809 
,,"Lambertye, Leonce de,",Le fraisier :,,,,Paris :,"Librairie Centrale d'Agriculture et de Jardinage,",[1864] 
,,"Lyell, Charles,",Principles of geology :,,,,London :,"John Murray,",1867-68.
,,"Lyell, Charles,",Principles of geology :,,,,London :,"John Murray,",1867-68.
,,"Forster, Johann Reinhold,","Observations made during a voyage round the world [in H.M.S. Resolution] on physical geography, natural history, and ethic philosophy, especially on.",,,,London :,"G. Robinson,",1778
,,,A descriptive catalogue of the rock specimens in the Museum of Practical Geology /,,,,London :,"HMSO,",1858
noauthor2006yi23A.,1117.,,The rabbit book.,Location: Cambridge. Identifier: noauthor2006yi23A. Public number: 1117.,noauthor2006yi23A_MS,,London :,"Journal of Horticulture,",n.d..
,,"Audubon, John James,","Ornithological biography, or an account of the habits of the birds of the United States of America ;","Vol. 5 erroneously dated 1849. ""I feel pleasure in here acknowledging the assistance which I have recieved from a friend, Mr William Macgillivray, who ... has aided me ... in completing the scientific details, and smoothing down the asperities of my Ornithological Biographies."" -- vol. 1, p. xviii-xix.",,,Edinburgh :,"Adam Black,",1831-1839.
,,"Audubon, John James,","Ornithological biography, or an account of the habits of the birds of the United States of America ;","Vol. 5 erroneously dated 1849. ""I feel pleasure in here acknowledging the assistance which I have recieved from a friend, Mr William Macgillivray, who ... has aided me ... in completing the scientific details, and smoothing down the asperities of my Ornithological Biographies."" -- vol. 1, p. xviii-xix.",,,Edinburgh :,"Adam Black,",1831-1839.
,,"Audubon, John James,","Ornithological biography, or an account of the habits of the birds of the United States of America ;","Vol. 5 erroneously dated 1849. ""I feel pleasure in here acknowledging the assistance which I have recieved from a friend, Mr William Macgillivray, who ... has aided me ... in completing the scientific details, and smoothing down the asperities of my Ornithological Biographies."" -- vol. 1, p. xviii-xix.",,,Edinburgh :,"Adam Black,",1831-1839.
,,"Audubon, John James,","Ornithological biography, or an account of the habits of the birds of the United States of America ;","Vol. 5 erroneously dated 1849. ""I feel pleasure in here acknowledging the assistance which I have recieved from a friend, Mr William Macgillivray, who ... has aided me ... in completing the scientific details, and smoothing down the asperities of my Ornithological Biographies."" -- vol. 1, p. xviii-xix.",,,Edinburgh :,"Adam Black,",1831-1839.
,,"Audubon, John James,","Ornithological biography, or an account of the habits of the birds of the United States of America ;","Vol. 5 erroneously dated 1849. ""I feel pleasure in here acknowledging the assistance which I have recieved from a friend, Mr William Macgillivray, who ... has aided me ... in completing the scientific details, and smoothing down the asperities of my Ornithological Biographies."" -- vol. 1, p. xviii-xix.",,,Edinburgh :,"Adam Black,",1831-1839.
Owen1846yu33N.,1038.,"Owen, Richard.",A history of British fossil mammals and birds.,Signature. Location: Cambridge. Identifier: Owen1846yu33N. Public number: 1038.,Owen1846yu33N_MS,,London :,"John Van Voorst,",1846.
Owen1846yu33N_MS.,,"Darwin, Charles.",A history of British fossil mammals and birds. :,Identifier: Owen1846yu33N_MS.,,Owen1846yu33N,,,
Owen1849br46D.,1040.,"Owen, Richard.",On the nature of limbs.,Location: Cambridge. Identifier: Owen1849br46D. Public number: 1040.,Owen1849br46D_MS,,London :,"John Van Voorst,",1849.
Owen1849br46D_MS.,,"Darwin, Charles.",On the nature of limbs. :,Identifier: Owen1849br46D_MS.,,Owen1849br46D,,,
Owen1849rh92I.,1044.,"Owen, Richard.",On parthenogenesis.,Inscription. Location: Cambridge. Identifier: Owen1849rh92I. Public number: 1044.,Owen1849rh92I_MS,,London :,"John Van Voorst,",1849.
Owen1849rh92I_MS.,,"Darwin, Charles.",On parthenogenesis. :,Identifier: Owen1849rh92I_MS.,,Owen1849rh92I,,,
Palm1827qc12D.,1051.,"Palm, Ludwig Heinrich.",über das Winden der Pflanzen.,Pre-Beagle. Location: Cambridge. Identifier: Palm1827qc12D. Public number: 1051.,Palm1827qc12D_MS,,Tübingen :,"C. Richter,",1827.
Palm1827qc12D_MS.,,"Darwin, Charles.",über das Winden der Pflanzen. :,Identifier: Palm1827qc12D_MS.,,Palm1827qc12D,,,
,,"Abernethy, John.","Physiological Lectures, exhibiting a general view of Mr. Hunter's Physiology, and of his researches in Comparative Anatomy /",,,,London :,"printed for Longman, Hurst, Rees, Orme, and Brown,",1822.
Piderit1867fn81L.,1076.,"Piderit, T.",Wissenschaftliches System der Mimik und Physiognomik.,Location: Cambridge. Identifier: Piderit1867fn81L. Public number: 1076.,Piderit1867fn81L_MS,,Detmold :,"Klingenberg,",1867.
Piderit1867fn81L_MS.,,"Darwin, Charles.",Wissenschaftliches System der Mimik und Physiognomik. :,Identifier: Piderit1867fn81L_MS.,,Piderit1867fn81L,,,
Prichard1836as83G.,1095.,"Prichard, James Cowles.",Researches into the physical history of mankind.,Location: Cambridge. Identifier: Prichard1836as83G. Public number: 1095.,Prichard1836as83G_MS,,London :,"Sherwood, Gilbert & Piper,",1836.
Prichard1836as83G_MS.,,"Darwin, Charles.",Researches into the physical history of mankind. :,Identifier: Prichard1836as83G_MS.,,Prichard1836as83G,,,
Prichard1836as83G.,1095.,"Prichard, James Cowles.",Researches into the physical history of mankind.,Location: Cambridge. Identifier: Prichard1836as83G. Public number: 1095.,Prichard1836as83G_MS,,London :,"Sherwood, Gilbert & Piper,",1836.
Prichard1836as83G_MS.,,"Darwin, Charles.",Researches into the physical history of mankind. :,Identifier: Prichard1836as83G_MS.,,Prichard1836as83G,,,
Rengger1830pi19F.,1139.,"Rengger, Johann Rudolph.",Naturgeschichte der Saeugethiere von Paraguay.,On Beagle. Location: Cambridge. Identifier: Rengger1830pi19F. Public number: 1139.,Rengger1830pi19F_MS,,Basel :,"Schweighauser,",1830.
Rengger1830pi19F_MS.,,"Darwin, Charles.",Naturgeschichte der Saeugethiere von Paraguay. :,Identifier: Rengger1830pi19F_MS.,,Rengger1830pi19F,,,
Rudolphi1812tj58U.,1172.,"Rudolphi, Carl Asmund.",Beyträge zur Anthropologie und allgemeinen Naturgeschichte.,Location: Cambridge. Identifier: Rudolphi1812tj58U. Public number: 1172.,Rudolphi1812tj58U_MS,,Berlin :,"Haude & Speuer,",1812.
Rudolphi1812tj58U_MS.,,"Darwin, Charles.",Beyträge zur Anthropologie und allgemeinen Naturgeschichte. :,Identifier: Rudolphi1812tj58U_MS.,,Rudolphi1812tj58U,,,
Rutimeyer1861sk32Q.,1174.,"Rütimeyer, Ludwig.",Die Fauna der Pfahlbauten der Schweiz.,Location: Cambridge. Identifier: Rutimeyer1861sk32Q. Public number: 1174.,Rutimeyer1861sk32Q_MS,,Basel :,"Schweighauser,",1861.
Rutimeyer1861sk32Q_MS.,,"Darwin, Charles.",Die Fauna der Pfahlbauten der Schweiz. :,Identifier: Rutimeyer1861sk32Q_MS.,,Rutimeyer1861sk32Q,,,
Sageret1826qj49W.,1182.,"Sageret, Michel.",Mémoire sur les Cucurbitacées.,Location: Cambridge. Identifier: Sageret1826qj49W. Public number: 1182.,Sageret1826qj49W_MS,,Paris :,"Huzard,",1826.
Sageret1826qj49W_MS.,,"Darwin, Charles.",Mémoire sur les Cucurbitacées. :,Identifier: Sageret1826qj49W_MS.,,Sageret1826qj49W,,,
Sageret1830bx94H.,1183.,"Sageret, Michel.",Pomologie physiologique.,On Beagle. Location: Cambridge. Identifier: Sageret1830bx94H. Public number: 1183.,Sageret1830bx94H_MS,,Paris :,"Hizard,",1830.
Sageret1830bx94H_MS.,,"Darwin, Charles.",Pomologie physiologique. :,Identifier: Sageret1830bx94H_MS.,,Sageret1830bx94H,,,
Saint-Hilaire1841nk89L.,1186.,"Saint-Hilaire, Auguste de.",Leçons de botanique.,Location: Cambridge. Identifier: Saint-Hilaire1841nk89L. Public number: 1186.,Saint-Hilaire1841nk89L_MS,,Paris :,"P.J. Loss,",1841.
Saint-Hilaire1841nk89L_MS.,,"Darwin, Charles.",Leçons de botanique. :,Identifier: Saint-Hilaire1841nk89L_MS.,,Saint-Hilaire1841nk89L,,,
Schlegel1843wf67J.,1204.,"Schlegel, Hermann.",Essay on the physiognomy of serpents.,Location: Cambridge. Identifier: Schlegel1843wf67J. Public number: 1204.,Schlegel1843wf67J_MS,,Edinburgh :,"Maclachlan, Stewart & Co.,",1843.
Schlegel1843wf67J_MS.,,"Darwin, Charles.",Essay on the physiognomy of serpents. :,Identifier: Schlegel1843wf67J_MS.,,Schlegel1843wf67J,,,
Scott1874iz75H.,1223.,"Scott, John.",Report on the experimental culture of the opium poppy.,Inscription. Location: Cambridge. Identifier: Scott1874iz75H. Public number: 1223.,,,Calcutta :,"Bengal Secretariat Press,",1874.
Scott1878nm85C.,1224.,"Scott, John.",Report on the experimental culture of the opium poppy for the season 1877--78.,Inscription. Location: Cambridge. Identifier: Scott1878nm85C. Public number: 1224.,Scott1878nm85C_MS,,Calcutta :,"Bengal Secretariat Press,",1878.
,,"Lamont, James,",Seasons with the Sea-Horses :,,,,"London,",,1861.
,,"De la Beche, Henry Thomas,",A selection of the Geological Memoirs contained in the Annales des Mines /,,,,"London,",,1824.
Smith1839hr25D.,1263.,"Smith, Charles Hamilton.",Dogs.,Location: Cambridge. Identifier: Smith1839hr25D. Public number: 1263.,Smith1839hr25D_MS,,Edinburgh :,"W.H. Lizars,",1839-1840.
Smith1839hr25D_MS.,,"Darwin, Charles.",Dogs. :,Identifier: Smith1839hr25D_MS.,,Smith1839hr25D,,,
Smith1839hr25D.,1263.,"Smith, Charles Hamilton.",Dogs.,Location: Cambridge. Identifier: Smith1839hr25D. Public number: 1263.,Smith1839hr25D_MS,,Edinburgh :,"W.H. Lizars,",1839-1840.
Smith1839hr25D_MS.,,"Darwin, Charles.",Dogs. :,Identifier: Smith1839hr25D_MS.,,Smith1839hr25D,,,
Smith1841jg65P.,1264.,"Smith, Charles Hamilton.",Horses.,Location: Cambridge. Identifier: Smith1841jg65P. Public number: 1264.,Smith1841jg65P_MS,,Edinburgh :,"W.H. Lizars,",1841.
Smith1841jg65P_MS.,,"Darwin, Charles.",Horses. :,Identifier: Smith1841jg65P_MS.,,Smith1841jg65P,,,
Sprengel1793fs85V.,1294.,"Sprengel, Christian Konrad.",Das entdeckte Geheimnis der Natur im Bau und in der Befruchtung der Blumen.,Pre-Beagle. Signature. Location: Cambridge. Identifier: Sprengel1793fs85V. Public number: 1294.,Sprengel1793fs85V_MS,,Berlin :,"F. Vieweg,",1793.
Sprengel1793fs85V_MS.,,"Darwin, Charles.",Das entdeckte Geheimnis der Natur im Bau und in der Befruchtung der Blumen. :,Identifier: Sprengel1793fs85V_MS.,,Sprengel1793fs85V,,,
Stephens1828gf73D.,1300.,"Stephens, James Francis.",Illustrations of British entomology.,On Beagle. Location: Cambridge. Identifier: Stephens1828gf73D. Public number: 1300.,,,London :,"Baldwin & Cradock,",1828-1829.
Sturm1825cj97F.,1315.,"Sturm, Carl Christoph Gottlieb.",über Raçen der landwirthschaftlichen Hausthiere.,Location: Cambridge. Identifier: Sturm1825cj97F. Public number: 1315.,Sturm1825cj97F_MS,,Ebberfeld :,"Büscher,",1825.
Sturm1825cj97F_MS.,,"Darwin, Charles.",über Raçen der landwirthschaftlichen Hausthiere. :,Identifier: Sturm1825cj97F_MS.,,Sturm1825cj97F,,,
Tegetmeier1854kr04O.,1335.,"Tegetmeier, William Bernhard.",Profitable poultry.,Inscription. Location: Cambridge. Identifier: Tegetmeier1854kr04O. Public number: 1335.,Tegetmeier1854kr04O_MS,,London :,"Darton & Co.,",1854.
Tegetmeier1854kr04O_MS.,,"Darwin, Charles.",Profitable poultry. :,Identifier: Tegetmeier1854kr04O_MS.,,Tegetmeier1854kr04O,,,
Tegetmeier1856pd44C.,1333.,"Tegetmeier, William Bernhard.",The poultry book.,Location: Cambridge. Identifier: Tegetmeier1856pd44C. Public number: 1333.,Tegetmeier1856pd44C_MS,,London :,"Orr & Co.,",1856-1857.
Tegetmeier1856pd44C_MS.,,"Darwin, Charles.",The poultry book. :,Identifier: Tegetmeier1856pd44C_MS.,,Tegetmeier1856pd44C,,,
Veith1856hq20T.,1370.,"Veith, Johann E.",Die Naturgeschichte der nutzbaren Haussäugethiere.,Location: Cambridge. Identifier: Veith1856hq20T. Public number: 1370.,Veith1856hq20T_MS,,Wien :,"W. Braumüller,",1856.
Verlot1865ss46T.,1372.,"Verlot, Jean-Baptiste.",Sur la production et la fixation des variétés dans les plantes d'ornement.,Inscription. Francis Darwin. Location: Cambridge. Identifier: Verlot1865ss46T. Public number: 1372.,Verlot1865ss46T_MS,,Paris :,"J.B. Baillière,",1865.
Verlot1865ss46T_MS.,,"Darwin, Charles.",Sur la production et la fixation des variétés dans les plantes d'ornement. :,Identifier: Verlot1865ss46T_MS.,,Verlot1865ss46T,,,
,,"McClintock, Francis Leopold,",The Voyage of the 'Fox' in the Arctic Seas :,,,,"London,",John Murray;,1859.
Wagner1845wc82F.,1394.,"Wagner, Rudolf.",Elements of the comparative anatomy of the vertebrate animals.,Location: Cambridge. Identifier: Wagner1845wc82F. Public number: 1394.,Wagner1845wc82F_MS,,London :,"Longman, Brown, Green & Longman,",1845.
Wagner1845wc82F_MS.,,"Darwin, Charles.",Elements of the comparative anatomy of the vertebrate animals. :,Identifier: Wagner1845wc82F_MS.,,Wagner1845wc82F,,,
Walker1838bp62N.,1400.,"Walker, Alexander.",Intermarriage.,Location: Cambridge. Identifier: Walker1838bp62N. Public number: 1400.,Walker1838bp62N_MS,,London :,"Churchill,",1838.
Walker1838bp62N_MS.,,"Darwin, Charles.",Intermarriage. :,Identifier: Walker1838bp62N_MS.,,Walker1838bp62N,,,
Walther2006yw40H.,1413.,"Walther, Friedrich L.",Der Hund.,Pre-Beagle. Location: Cambridge. Identifier: Walther2006yw40H. Public number: 1413.,Walther2006yw40H_MS,,Giessen :,"G.F. Heker,",n.d..
Walther2006yw40H_MS.,,"Darwin, Charles.",Der Hund. :,Identifier: Walther2006yw40H_MS.,,Walther2006yw40H,,,
Weber1850ka76M.,1426.,"Weber, D.A.",Der Taubenfreund.,Location: Cambridge. Identifier: Weber1850ka76M. Public number: 1426.,Weber1850ka76M_MS,,Leipzig :,"G. Basse,",1850.
Weber1850ka76M_MS.,,"Darwin, Charles.",Der Taubenfreund. :,Identifier: Weber1850ka76M_MS.,,Weber1850ka76M,,,
Weismann1868nz78K.,1438.,"Weismann, August.",über die Berechtigung der Darwin'schen Theorie.,Inscription. Location: Cambridge. Identifier: Weismann1868nz78K. Public number: 1438.,Weismann1868nz78K_MS,,Leipzig :,"W. Engelmann,",1868.
Weismann1872ix35P.,1437.,"Weismann, August.",über den Einfluss der Isolirung auf die Artbildung.,Inscription. Location: Cambridge. Identifier: Weismann1872ix35P. Public number: 1437.,Weismann1872ix35P_MS,,Leipzig :,"W. Engelmann,",1872.
Weismann1872ix35P_MS.,,"Darwin, Charles.",über den Einfluss der Isolirung auf die Artbildung. :,Identifier: Weismann1872ix35P_MS.,,Weismann1872ix35P,,,
Weismann1875kd06C.,1434.,"Weismann, August.",Studien zur Descendenztheorie. I.,Location: Cambridge. Identifier: Weismann1875kd06C. Public number: 1434.,,,Leipzig :,"Engelmann,",1875.
Weismann1876sc87J.,1435.,"Weismann, August.",Studien zur Descendenztheorie. II. über die letzen Ursachen der Transmutationen.,Inscription. Location: Cambridge. Identifier: Weismann1876sc87J. Public number: 1435.,Weismann1876sc87J_MS,,Leipzig :,"W. Engelmann,",1876.
Weismann1876sc87J_MS.,,"Darwin, Charles.",Studien zur Descendenztheorie. II. über die letzen Ursachen der Transmutationen. :,Identifier: Weismann1876sc87J_MS.,,Weismann1876sc87J,,,
Wichura1865se59X.,1447.,"Wichura, Max.",Die Bastardbefruchtung im Pflanzenreich.,Inscription. Location: Cambridge. Identifier: Wichura1865se59X. Public number: 1447.,Wichura1865se59X_MS,,Breslau :,"E. Margenstern,",1865.
Wichura1865se59X_MS.,,"Darwin, Charles.",Die Bastardbefruchtung im Pflanzenreich. :,Identifier: Wichura1865se59X_MS.,,Wichura1865se59X,,,
Wollaston1856zn87O.,1462.,"Wollaston, Thomas Vernon.",On the variation of species.,Inscription. Location: Cambridge. Identifier: Wollaston1856zn87O. Public number: 1462.,Wollaston1856zn87O_MS,,London :,"John Van Voorst,",1856.
Wollaston1856zn87O_MS.,,"Darwin, Charles.",On the variation of species. :,Identifier: Wollaston1856zn87O_MS.,,Wollaston1856zn87O,,,
Yarrell1839ky79A.,1471.,"Yarrell, William.",A history of British birds.,Inscription 14 June 1839. Location: Cambridge. Identifier: Yarrell1839ky79A. Public number: 1471.,,,London :,"John Van Voorst,",1839.
Yarrell1839ky79A_MS.,,"Darwin, Charles.",A history of British birds. :,Identifier: Yarrell1839ky79A_MS.,,Yarrell1839ky79A,,,
Youatt1834ip29P.,1473.,"Youatt, William.","Cattle: Their breeds, management, and diseases.",Signature. Location: Cambridge. Identifier: Youatt1834ip29P. Public number: 1473.,Youatt1834ip29P_MS,,London :,"Baldwin & Cradock,",1834.
Youatt1834ip29P_MS.,,"Darwin, Charles.","Cattle: Their breeds, management, and diseases. :",Identifier: Youatt1834ip29P_MS.,,Youatt1834ip29P,,,
Youatt1837zd27L.,1476.,"Youatt, William.",Sheep.,Location: Cambridge. Identifier: Youatt1837zd27L. Public number: 1476.,Youatt1837zd27L_MS,,London :,"Baldwin & Cradock,",1837.
Youatt1837zd27L_MS.,,"Darwin, Charles.",Sheep. :,Identifier: Youatt1837zd27L_MS.,,Youatt1837zd27L,,,
Youatt1845wt42Y.,1474.,"Youatt, William.",The dog.,Signature. Location: Cambridge. Identifier: Youatt1845wt42Y. Public number: 1474.,Youatt1845wt42Y_MS,,London :,"C. Knight & Co.,",1845.
Youatt1845wt42Y_MS.,,"Darwin, Charles.",The dog. :,Identifier: Youatt1845wt42Y_MS.,,Youatt1845wt42Y,,,
